{"accuracy": 0.5686653771760155, "roc_auc": 0.7412035805225536, "confusion_matrix": [[558, 1073], [42, 912]], "best_params": {"model__max_depth": 10, "model__min_samples_split": 2, "model__n_estimators": 200}}