Model,Accuracy,Precision,Recall,F1 Score,ROC-AUC
Logistic Regression,0.5431334622823984,0.44439000489955904,0.950733752620545,0.6056761268781302,0.7141610335391207
Decision Tree,0.625531914893617,0.49269311064718163,0.4947589098532495,0.49372384937238495,0.5986944511926292
Random Forest,0.613926499032882,0.4865361077111383,0.8333333333333334,0.6143740340030912,0.7172012514347926
Gradient Boosting,0.5984526112185686,0.4769736842105263,0.9119496855345912,0.6263498920086393,0.7441216884086752
