Model,Accuracy,Precision,Recall,F1 Score,ROC-AUC
Logistic Regression,0.5431334622823984,0.44439000489955904,0.950733752620545,0.6056761268781302,0.7141610335391207
Decision Tree,0.6317214700193423,0.5010526315789474,0.4989517819706499,0.5,0.6047781004052767
Random Forest,0.6127659574468085,0.48567946374162096,0.8354297693920335,0.6142581888246628,0.7235056626910217
Gradient Boosting,0.5984526112185686,0.4769736842105263,0.9119496855345912,0.6263498920086393,0.7441216884086752
