Model,Accuracy,Precision,Recall,F1 Score
Logistic Regression,0.5431334622823984,0.44439000489955904,0.950733752620545,0.6056761268781302
Decision Tree,0.6317214700193423,0.5010593220338984,0.49580712788259956,0.49841938883034775
Random Forest,0.6150870406189555,0.48759830611010285,0.8448637316561844,0.6183352512466437
